{
  "_note1": "KEEP THIS FILE! Check it into a version control system (VCS) like git.",
  "_note2": "ObjectBox manages crucial IDs for your object model. See docs for details.",
  "_note3": "If you have VCS merge conflicts, you must resolve them according to ObjectBox docs.",
  "entities": [
    {
      "id": "5:5590538485342084965",
      "lastPropertyId": "20:6805047781206403571",
      "name": "SpecificCommRecordBox",
      "properties": [
        {
          "id": "1:609934544946884680",
          "name": "id"
        },
        {
          "id": "2:6861003864780306939",
          "name": "recordID"
        },
        {
          "id": "3:646934444955688313",
          "name": "generalInfosId"
        },
        {
          "id": "4:6363103274162493326",
          "name": "agentId"
        },
        {
          "id": "5:4380171159484444330",
          "name": "todoListsId"
        },
        {
          "id": "6:613771092305502939",
          "name": "lName"
        },
        {
          "id": "7:174490771118622687",
          "name": "interactionType"
        },
        {
          "id": "8:5070477321188977422",
          "name": "interactionDate"
        },
        {
          "id": "9:6147057253235799032",
          "name": "lastactionType"
        },
        {
          "id": "10:6069967005991617434",
          "name": "lastactionDate"
        },
        {
          "id": "11:709607260255679772",
          "name": "details"
        },
        {
          "id": "12:8819112785460300091",
          "name": "specialNote"
        },
        {
          "id": "13:8146217934026855447",
          "name": "actionType"
        },
        {
          "id": "14:5889477545759284890",
          "name": "byWhom"
        },
        {
          "id": "15:3914261569425301217",
          "name": "date"
        },
        {
          "id": "16:8250837131892138481",
          "name": "location"
        },
        {
          "id": "17:5668975296776501414",
          "name": "done"
        },
        {
          "id": "18:7962567539622008754",
          "name": "remarks"
        },
        {
          "id": "19:3469469263160044776",
          "name": "createdAt"
        },
        {
          "id": "20:6805047781206403571",
          "name": "updatedAt"
        }
      ],
      "relations": []
    },
    {
      "id": "6:525184828945470561",
      "lastPropertyId": "20:1089047807270143931",
      "name": "ScheduleBox",
      "properties": [
        {
          "id": "1:2440895842345978350",
          "name": "id"
        },
        {
          "id": "2:8340846227217828462",
          "name": "scheduleID"
        },
        {
          "id": "3:6833398655514940547",
          "name": "generalInfosId"
        },
        {
          "id": "4:4463347806276381632",
          "name": "agentId"
        },
        {
          "id": "5:4798988939474040580",
          "name": "todoListsId"
        },
        {
          "id": "6:5975681883233408959",
          "name": "lName"
        },
        {
          "id": "7:9171770423187378262",
          "name": "interactionType"
        },
        {
          "id": "8:7430854722827919880",
          "name": "interactionDate"
        },
        {
          "id": "9:4207796678250041367",
          "name": "lastactionType"
        },
        {
          "id": "10:2196400525271549877",
          "name": "lastactionDate"
        },
        {
          "id": "11:7473200456962472964",
          "name": "details"
        },
        {
          "id": "12:8245042189258281776",
          "name": "specialNote"
        },
        {
          "id": "13:2698502228251921281",
          "name": "actionType"
        },
        {
          "id": "14:4774931097036142984",
          "name": "byWhom"
        },
        {
          "id": "15:58977145592533292",
          "name": "date"
        },
        {
          "id": "16:4218964428536452403",
          "name": "location"
        },
        {
          "id": "17:1572736082992882195",
          "name": "done"
        },
        {
          "id": "18:347203118160849260",
          "name": "remarks"
        },
        {
          "id": "19:8743200574143378294",
          "name": "createdAt"
        },
        {
          "id": "20:1089047807270143931",
          "name": "updatedAt"
        }
      ],
      "relations": []
    },
    {
      "id": "7:6157581271643868504",
      "lastPropertyId": "24:6160816131780220362",
      "name": "ClientGeneralInfoBox",
      "properties": [
        {
          "id": "1:4034953244936116317",
          "name": "id"
        },
        {
          "id": "2:1613968750232844530",
          "name": "clientID"
        },
        {
          "id": "3:321389793648461862",
          "name": "agentId"
        },
        {
          "id": "4:1380843260265815262",
          "name": "openingDate"
        },
        {
          "id": "5:7259358631211023471",
          "name": "refSource"
        },
        {
          "id": "6:7070546121716812035",
          "name": "refSourceName"
        },
        {
          "id": "7:7464594038679332625",
          "name": "refSourceMobile"
        },
        {
          "id": "8:468671842794029763",
          "name": "prefix"
        },
        {
          "id": "9:8447077626486235578",
          "name": "landownerName"
        },
        {
          "id": "10:4897293834496362769",
          "name": "landownerAddress"
        },
        {
          "id": "11:6938337434870976939",
          "name": "contactNo"
        },
        {
          "id": "12:3765707436414582475",
          "name": "email"
        },
        {
          "id": "13:8832529622181306667",
          "name": "profession"
        },
        {
          "id": "14:4184985171620699678",
          "name": "designation"
        },
        {
          "id": "15:6399197806424182927",
          "name": "businessAddress"
        },
        {
          "id": "16:8624999210945767368",
          "name": "progressStatus"
        },
        {
          "id": "17:7076050757960260617",
          "name": "fMeeting"
        },
        {
          "id": "18:1059844165647844363",
          "name": "pSubmit"
        },
        {
          "id": "19:380446990306319749",
          "name": "lDoc"
        },
        {
          "id": "20:3416093625821956156",
          "name": "dDoc"
        },
        {
          "id": "21:4650975062523296933",
          "name": "signing"
        },
        {
          "id": "22:5850189611274521689",
          "name": "archived"
        },
        {
          "id": "23:5835888280427523991",
          "name": "createdAt"
        },
        {
          "id": "24:6160816131780220362",
          "name": "updatedAt"
        }
      ],
      "relations": []
    },
    {
      "id": "8:1796006532724701317",
      "lastPropertyId": "16:7002091412726316460",
      "name": "ClientOtherInfoBox",
      "properties": [
        {
          "id": "1:3125979158157213055",
          "name": "id"
        },
        {
          "id": "2:4528026829948106514",
          "name": "clientID"
        },
        {
          "id": "3:5212774402168943457",
          "name": "generalInfosId"
        },
        {
          "id": "4:4659268451526246484",
          "name": "spouseName"
        },
        {
          "id": "5:2576166259670746106",
          "name": "spouseProf"
        },
        {
          "id": "6:6634954830306127233",
          "name": "spousePhone"
        },
        {
          "id": "7:2631900078049276745",
          "name": "children"
        },
        {
          "id": "8:8787564570969167135",
          "name": "decisionMaker"
        },
        {
          "id": "9:812660761659500729",
          "name": "landownerEducation"
        },
        {
          "id": "10:5678060593538755485",
          "name": "hometown"
        },
        {
          "id": "11:2100406944065158630",
          "name": "agePersonality"
        },
        {
          "id": "12:2350132359234414612",
          "name": "keyFactor"
        },
        {
          "id": "13:4965495037829512118",
          "name": "marketKnowledge"
        },
        {
          "id": "14:6757551597804336946",
          "name": "managementEvaluation"
        },
        {
          "id": "15:4536049449346997695",
          "name": "createdAt"
        },
        {
          "id": "16:7002091412726316460",
          "name": "updatedAt"
        }
      ],
      "relations": []
    },
    {
      "id": "9:3401064690989865670",
      "lastPropertyId": "17:5697717628397435685",
      "name": "ClientRequiredInfoBox",
      "properties": [
        {
          "id": "1:1835571898187924666",
          "name": "id"
        },
        {
          "id": "2:8315165031794387253",
          "name": "clientID"
        },
        {
          "id": "3:6085476427396106447",
          "name": "generalInfosId"
        },
        {
          "id": "4:5454825269883882223",
          "name": "area"
        },
        {
          "id": "5:3801307068623690534",
          "name": "landsize"
        },
        {
          "id": "6:5298904536423159904",
          "name": "roadExisting"
        },
        {
          "id": "7:4441444895564892687",
          "name": "roadProposed"
        },
        {
          "id": "8:398247149481643047",
          "name": "width"
        },
        {
          "id": "9:5051684573697440218",
          "name": "length"
        },
        {
          "id": "10:4780025881633464801",
          "name": "face"
        },
        {
          "id": "11:5101561890265161909",
          "name": "unit"
        },
        {
          "id": "12:2250463964641141192",
          "name": "ratio"
        },
        {
          "id": "13:7048910102747775286",
          "name": "signingMoney"
        },
        {
          "id": "14:6811405888095220002",
          "name": "mouza"
        },
        {
          "id": "15:4075834543828147539",
          "name": "dagNo"
        },
        {
          "id": "16:3739600287478105984",
          "name": "createdAt"
        },
        {
          "id": "17:5697717628397435685",
          "name": "updatedAt"
        }
      ],
      "relations": []
    }
  ],
  "lastEntityId": "9:3401064690989865670",
  "lastIndexId": "0:0",
  "lastRelationId": "1:9030291281422314510",
  "lastSequenceId": "0:0",
  "modelVersion": 4,
  "modelVersionParserMinimum": 4,
  "retiredEntityUids": [
    4038954461774447730,
    800140726540073312,
    2644894402572606682,
    713310314867309033
  ],
  "retiredIndexUids": [],
  "retiredPropertyUids": [
    1524753862781512467,
    7476847139374860383,
    7437227661087323100,
    8970504732797852727,
    1840412247298395978,
    7305744982319144736,
    6471925848098642993,
    7271394348256430874,
    7265674884018132129,
    5741681863233956620,
    6303750100145326758,
    7626418437205003829,
    9041974936604361655,
    1461500775637077595,
    7335054517018892973,
    7435729579070960392,
    7511644882960170218,
    1897062981715550655,
    211529409211735766,
    4009091910273209055,
    8469827404393282937,
    6188140763948393116,
    8770485120901901075,
    4858837895180067345,
    3111247525046187300,
    7757406429078747449,
    9057564837749031052,
    193345998304601013,
    6829437423982097909,
    1781703463585400063,
    4685920548018701554,
    6605636042598085287,
    3343703531951008316,
    5951178431495124093,
    2535029791564475155,
    3881407409797029178,
    8423919669170436774,
    5765181534224149001,
    4313338623627773100,
    4342370913118683016,
    5049191668859422195,
    2536290605590994949,
    3246467616962164255,
    7738120056278204879,
    1410421611135208996,
    5444297518255416067,
    3958546797550319093,
    4198124742817247804,
    6389787251451527414,
    336664919261578483,
    2196482895453852808,
    7063353233874164837,
    7443183281365433887,
    1157842427141522258,
    164843115346353145,
    1365613789783998698,
    8133661102301829716,
    9165968674799237541,
    7463270682011446650,
    7071587137839613721,
    9045648087965760132,
    4584724240759336791,
    3069132195046296554,
    2013669806848251197,
    5060296365197122983,
    3848787786423054109,
    7255377727882283615,
    5324188901347504019,
    3357301067830770897,
    886410148783237376,
    4337940529030571161,
    1854778841867491507,
    3017920036997305721
  ],
  "retiredRelationUids": [
    9030291281422314510
  ],
  "version": 1
}